{"cameraMode":{"drawMode":0,"name":"Shaded","section":"Shading Mode"},"sceneLighting":true,"audioPlay":false,"sceneViewState":{"m_AlwaysRefresh":false,"showFog":true,"showSkybox":true,"showFlares":true,"showImageEffects":true,"showParticleSystems":true,"showVisualEffectGraphs":true,"m_FxEnabled":true},"in2DMode":false,"pivot":{"x":9.519230842590332,"y":-1.9267840385437012,"z":-51.35940933227539},"rotation":{"x":-0.001793069182895124,"y":0.9918314814567566,"z":-0.12571293115615846,"w":-0.03297119960188866},"size":13.818304061889649,"orthographic":false}