{"cameraMode":{"drawMode":0,"name":"Shaded","section":"Shading Mode"},"sceneLighting":true,"audioPlay":false,"sceneViewState":{"m_AlwaysRefresh":false,"showFog":true,"showSkybox":true,"showFlares":true,"showImageEffects":true,"showParticleSystems":true,"showVisualEffectGraphs":true,"m_FxEnabled":true},"in2DMode":false,"pivot":{"x":-2.3124566078186037,"y":5.280794620513916,"z":13.469388961791993},"rotation":{"x":-0.006945031229406595,"y":0.9887645840644836,"z":-0.14125287532806397,"w":-0.048693157732486728},"size":0.6800882816314697,"orthographic":false}